nodes,buildkb,sparql,shacl
500,0.806775,0.010939,0.02677
1500,1.209552,0.022755,0.064614
2500,1.590312,0.04455,0.104015
3500,2.021296,0.054072,0.140737
4500,2.43742,0.079099,0.173053
5500,2.927273,0.097415,0.221962
6500,3.405152,0.113433,0.240928
7500,3.96538,0.099081,0.273371
8500,4.70445,0.139589,0.332481
9500,5.095958,0.14401,0.371473
