nodes,buildkb,sparql,shacl,infer
30,2.608085,0.216454,0.105131,7.623838
40,2.283804,0.21677,0.161541,7.285912
50,2.303606,0.163569,0.130753,8.589244
100,2.522345,0.201419,0.158043,11.953577
200,2.56465,0.205283,0.152472,23.19693
300,2.596692,0.213284,0.218822,39.95364
400,2.891271,0.195897,0.242065,70.324687
500,2.877673,0.235197,0.280564,102.551401
