C₀ instances,buildkb,sparql,infer
5000,2.095818,0.034198,2.264967
10000,2.73515,0.052426,6.458936
15000,3.865899,0.051176,18.906452
20000,4.799254,0.076987,33.0999
